Дата,Тип работ,Автомобиль,Кто выполнил работу,Услуги,Цена,Оплата,Примечание,,,,,,
05.01.2026,Мойка,Пассат,Савва,ТехМойка,500,9000,,,,,,,
05.01.2026,Электрика,Пассат,Борис,Контурная подсветка,8500,,,,,,,,
05.01.2026,Мойка,Мазда cx5,Богдан,Химчистка кузова,6000,12000,,,,,,,
05.01.2026,Мойка,Мазда cx5,Богдан,Твердый воск,3000,,,,,,,,
05.01.2026,Мойка,Мазда cx5,Богдан,Антидождь,3000,,,,,,,,
05.01.2026,Мойка,MB Е класс,Богдан,Химчистка кузова,6000,7500,,,,,,,
05.01.2026,Мойка,MB Е класс,Богдан,Антидождь,3000,,,,,,,,
05.01.2026,Электрика,Хонда Элюзион,Виталик,Замена ламп салон,500,13200,Аванс 10000,,,,,,
05.01.2026,Продажа,Хонда Элюзион,Виталик,Лампы в салон,2500,,,,,,,,
05.01.2026,Электрика,Хонда Элюзион,Виталик,Ремонт подсветки салона,1000,,,,,,,,
05.01.2026,Электрика,Хонда Элюзион,Борис,Работа с замком право двери,3000,,,,,,,,
05.01.2026,Электрика,Хонда Элюзион,Борис,Работа с зеркалом,1600,,,,,,,,
05.01.2026,Электрика,Хонда Элюзион,Борис,Диагностика сдвижной двери ,800,,,,,,,,
19.01.2026,Электрика,Хонда Элюзион,Савва,переборка зеркала,1500,,,,,,,,
19.01.2026,Электрика,Хонда Элюзион,Виталик,переборка зеркала,1500,,,,,,,,
19.01.2026,Электрика,Хонда Элюзион,Савва,замена зеркала,800,,,,,,,,
05.01.2026,Электрика,Форд куга,Борис,"Вскрытие и продувка мозгов, чистка масс",3000,3000,,,,,,,
06.01.2026,Мойка,Хаммер,Савва,двухфазная мойка,2000,5500,,,,,,,
06.01.2026,Электрика,Хаммер,Борис,Установка магнитолы,3000,,,,,,,,
06.01.2026,Электрика,Хаммер,Виталик,Установка радара,500,,,,,,,,
06.01.2026,Мойка,Газель,Савва,двухфазная мойка,2000,9000,,,,,,,
06.01.2026,Мойка,Газель,Савва,Химчистка салона,7000,,,,,,,,
08.01.2026,Мойка,элантра,Богдан,двухфаз,1000,28450,,,,,,,
08.01.2026,Электрика,элантра,Виталик,Установка сигнализации,27450,,,,,,,,
08.01.2026,Мойка,субару,Богдан,тех мойка ,500,3600,,,,,,,
08.01.2026,Электрика,субару,Борис,работам с камерой , ,,,,,,,,
08.01.2026,Электрика,субару,Борис,работа с блютузом,800,,,,,,,,
09.01.2026,Мойка,гольф ваня,Богдан,трехфаз,1500,1000,,,,,,,
09.01.2026,Мойка,транспортер,Богдан,однофаз,700,700,,,,,,,
09.01.2026,Мойка,мазда 6,Богдан,трехфаз,1500,3100,,,,,,,
09.01.2026,Электрика,мазда 7,Виталик,камера+прикуриватель,1600,,,,,,,,
09.01.2026,Электрика,логан,Савва,техмойка,500,5000,,,,,,,
09.01.2026,Электрика,логан,Савва,замена мотора отопителя,4500,,,,,,,,
12.01.2026,Электрика,элантра,Виталик,работа с элекрикой ,3000,3000,,,,,,,
12.01.2026,Электрика,антара,Виталик,Работа с подогревом,500,3000,,,,,,,
12.01.2026,Электрика,антара,Савва,Работа с регистраторм,500,,,,,,,,
12.01.2026,Электрика,антара,Савва,Работа с тумкой,500,,,,,,,,
12.01.2026,Электрика,антара,Виталик,Дворник + омыватель,500,,,,,,,,
12.01.2026,Электрика,антара,Виталик,Датчики,500,,,,,,,,
12.01.2026,Электрика,антара,Виталик,Работа с сигой ,500,,,,,,,,
13.01.2026,Электрика,Опель астра,Виталик,сига ,8000,12600,,,,,,,
13.01.2026,Электрика,Опель астра,Виталик,магнитоа,800,,,,,,,,
13.01.2026,Электрика,Опель астра,Виталик,мойка,500,,,,,,,,
13.01.2026,Электрика,Опель астра,Виталик,бампер с/у,1500,,,,,,,,
13.01.2026,Электрика,Опель астра,Виталик,гудок ,800,,,,,,,,
13.01.2026,Электрика,Опель астра,Виталик,регистратор к сиге,1500,,,,,,,,
14.01.2026,Электрика,туксон,Виталик,установка сиги,8000,16000,,,,,,,
14.01.2026,Электрика,туксон,Виталик,установка контурной подсветки ,8000,,,,,,,,
14.01.2026,Электрика,туксон,Виталик,тех мойка,500,,,,,,,,
15.01.2026,Мойка,калина,Богдан,двух фаз,1000,1500,,,,,,,
15.01.2026,Мойка,калина,Богдан,влажка ,500,,,,,,,,
15.01.2026,Мойка,субару,Богдан,трехфаз,1500,1000,,,,,,,
15.01.2026,Мойка,ауди,Богдан,трехфаз,2000,2000,,,,,,,
15.01.2026,Мойка,Веста ,Богдан,комплекс базовый,3000,3000,,,,,,,
15.01.2026,Электрика,лачетти,Виталик,работа с электрикой ,3000,3000,,,,,,,
15.01.2026,Электрика,соренто,Виталик,с/у перед бампер,1500,4500,,,,,,,
15.01.2026,Электрика,соренто,Савва,с/у зад бампер,1500,,,,,,,,
15.01.2026,Электрика,соренто,Виталик,ремонт проводки ,1000,,,,,,,,
15.01.2026,Электрика,соренто,Виталик,диагностика,500,,,,,,,,
15.01.2026,Мойка,аутлендер,Савва,3ф,1700,1200,,,,,,,
15.01.2026,Электрика,марк,Савва,востановение орды,15000,15000,,,,,,,
15.01.2026,Электрика,лексус рх,Виталик,пред на пневму,300,300,,,,,,,
15.01.2026,Электрика,аутлендер,Виталик,ремонт цепи стартера,3000,3000,,,,,,,
19.01.2026,Электрика,туарег,Виталик,Установка сигнализации,9000,9000,,,,,,,
19.01.2026,Мойка,лансер 10,Савва,техмойка,500,2800,,,,,,,
19.01.2026,Электрика,лансер 10,Савва,с\у бампера,1500,,,,,,,,
19.01.2026,Электрика,лансер 10,Савва,замена блока подсветки,800,,,,,,,,
19.01.2026,Мойка,ларус,Савва,техмойка ,500,1500,,,,,,,
19.01.2026,Электрика,ларус,Виталик,востановление работы кнопкии С/С,1000,,,,,,,,
19.01.2026,Электрика,рапид,Виталик,сига автозапуск,1000,1000,,,,,,,
19.01.2026,Электрика,паджеро,Виталик,разьем обд,200,200,,,,,,,
20.01.2026,Мойка,rx330,Богдан,комплекс базовый,3000,21200,,,,,,,
20.01.2026,Электрика,rx330,Виталик,замена салазок люка,6000,,,,,,,,
20.01.2026,Электрика,rx330,Виталик,снятие потолка,9000,,,,,,,,
20.01.2026,Продажа,rx331,Виталик,клипсы,700,,,,,,,,
20.01.2026,Продажа,rx332,Виталик,очиститель,500,,,,,,,,
20.01.2026,Электрика,rx333,Виталик,омыватель,2000,,,,,,,,
20.01.2026,Мойка,танспортер,Богдан,1ф,700,700,,,,,,,
20.01.2026,Электрика,октавия а5фл,Виталик,реистраор,1200,1200,,,,,,,
20.01.2026,Электрика,аккорд 6,Виталик,электрика,7800,7800,,,,,,,
20.01.2026,Мойка,xtrail,Богдан,3ф,1700,1700,,,,,,,
20.01.2026,Электрика,xtrail,Виталик,лампы в птф,500,500,,,,,,,
21.01.2026,Электрика,гранта,Виталик,гранта дианостика камеры,500,1300,,,,,,,
23.01.2026,Электрика,гранта,Виталик,,800,,,,,,,,
21.01.2026,Электрика,антара,Виталик,замена ламп(б+г),600,2800,,,,,,,
,Электрика,антара,Савва,замена ламп(д),500,,,,,,,,
21.01.2026,Электрика,антара,Виталик,регистротор,100,,,,,,,,
21.01.2026,Электрика,антара,Виталик,диагностика зеркала + замена,800,,,,,,,,
21.01.2026,Электрика,антара,Виталик,лампы в птф,600,,,,,,,,
21.01.2026,Электрика,антара,Виталик,дмрв,200,,,,,,,,
21.01.2026,Мойка,сивиик,Богдан,комплекс базовый,3000,4000,,,,,,,
21.01.2026,Мойка,сивиик,Богдан,антидождь,3000,,,,,,,,
21.01.2026,Мойка,хаммер,Виталик,техмойка,500,500,,,,,,,
22.01.2026,Мойка,гранта,Виталик,техмойка,300,4500,,,,,,,
22.01.2026,Электрика,гранта,Виталик,установка манитоллы,2000,,,,,,,,
22.01.2026,Электрика,гранта,Виталик,установка камеры,3000,,,,,,,,
22.01.2026,Мойка,мерседес,Виталик,техмойка,500,2500,,,,,,,
22.01.2026,Электрика,мерседес,Виталик,заменна ламп,1000,,,,,,,,
22.01.2026,Электрика,мерседес,Виталик,ремонт электрик,1000,,,,,,,,
22.01.2026,Мойка,лавр,Виталик,3ф,1500,1000,,,,,,,
22.01.2026,Мойка,калина,Богдан,2ф,1000,1500,,,,,,,
22.01.2026,Мойка,калина,Богдан,стекла,500,,,,,,,,
22.01.2026,Мойка,ауди,Богдан,комплекс базовый,3000,4500,,,,,,,
22.01.2026,Мойка,ауди,Богдан,пропитка сиидений,1500,,,,,,,,
22.01.2026,Мойка,креста,Богдан,3ф,1500,1500,,,,,,,
22.01.2026,Мойка,дискавери,Виталик,самомой,600,600,,,,,,,
23.01.2026,Мойка,веста ,Богдан,комплекс базовый,3000,3000,,,,,,,
23.01.2026,Мойка,поло,Савва,техойка,500,10400,,,,,,,
23.01.2026,Электрика,,Савва,заммена подушки пассажира,1500,,,,,,,,
23.01.2026,Электрика,,Савва,с/у фар,300,,,,,,,,
23.01.2026,Электрика,,Савва,замена площадки под АКБ,500,,,,,,,,
23.01.2026,Электрика,,Савва,замена разьема датчика давления масла,300,,,,,,,,
23.01.2026,Электрика,,Савва,замена воздушных парубков,300,,,,,,,,
23.01.2026,Электрика,,Савва,Установка птф,3000,,,,,,,,
23.01.2026,Электрика,,Виталик,заена подушки водителя ,500,,,,,,,,
23.01.2026,Электрика,,Савва,влажка пылесос стекла,1500,,,,,,,,
23.01.2026,Электрика,,Виталик,осмотр проводки с попутным ремонтом,1600,,,,,,,,
23.01.2026,Продажа,,Виталик,расходники,400,,,,,,,,
23.01.2026,Мойка,х треил,Савва,тех мойка,500,2000,,,,,,,
23.01.2026,Мойка,,Савва,влажка ,500,,,,,,,,
23.01.2026,Мойка,,Савва,пылесос ,500,,,,,,,,
23.01.2026,Мойка,,Савва,стекла,500,,,,,,,,
24.01.2026,Электрика,мерседес,Виталик,ддиагностика замка багажника,3000,3000,,,,,,,
25.01.2026,Мойка,крета,Савва,3ф,1500,1100,,,,,,,
26.01.2026,Электрика,окавия а7,Виталик,деонтаж сиги,1200,1200,,,,,,,
27.01.2026,Электрика,октаия а4,Виталик,устаовка сиги,25100,25100,,,,,,,
28.01.2026,Мойка,траеспортер,Савва,3ф,2000,3000,,,,,,,
,Мойка,,Савва,влажка,500,,,,,,,,
,Мойка,,Савва,пылесос,500,,,,,,,,
28.01.2026,Электрика,сеат,Виталик,s96 eco,19450,29250,,,,,,,
,Электрика,,Виталик,установка сигнализации,8000,,,,,,,,
,Мойка,,Виталик,тех мойка,300,,,,,,,,
,Электрика,,Виталик,обходчик,1000,,,,,,,,
,Электрика,,Виталик,демонтаж сигнализации,500,,,,,,,,
28.01.2026,Электрика,логан,Виталик,установка регистатора,1000,1000,,,,,,,
28.01.2026,Мойка,лексус,Савва,техмойка,500,500,,,,,,,
28.01.2026,Мойка,форд,Савва,техмойка,500,2000,,,,,,,
,Электрика,форд,Виталик,диагностика и поиск обрыва,1500,,,,,,,,
28.01.2026,Мойка,хендай,Богдан,химчистка,17000,19500,5000+15000,,,,,,
,Электрика,,Савва,диагностика абс,500,,,,,,,,
,Мойка,,Виталик,шашка,2000,,,,,,,,
28.01.2026,Мойка,татет,Богдан,полировка царапины,1000,1000,,,,,,,
29.01.2026,Электрика,гранта,Виталик,диагнсоиика ии замена модульяя зажигани ,3000,3000,,,,,,,
29.01.2026,Электрика,саша бус,Виталик,ремонт плюса,1000,1000,,,,,,,
29.01.2026,Электрика,омода,Виталик,замена рамки номера,600,600,,,,,,,
29.01.2026,Мойка,гранта,Виталик,техмойка,300,19850,,,,,,,
30.01.2026,Продажа,,Виталик,сига,8800,,,,,,,,
,Продажа,,Виталик,реле + колодка 1шт,300,,,,,,,,
,Продажа,,Виталик,концевики 3 шт,450,,,,,,,,
,Электрика,,Виталик,установка сиги,8000,,,,,,,,
,Электрика,,Виталик,демонтаж старой,500,,,,,,,,
,Электрика,,Савва,ремонт цз и концевиков,1500,,,,,,,,
30.01.2026,Мойка,поло,Савва,техмойка,500,28500,,,,,,,
,Электрика,,Виталик,установка сиги,7350,,,,,,,,
,Продажа,,Виталик,сига,20650,,,,,,,,
31.01.2026,Электрика,фокус,Виталик,ремонт электрики,700,700,,,,,,,
31.01.2026,Мойка,солярис,Савва,техмойка,500,2450,,,,,,,
,Электрика,,Савва,замена ламп,500,,,,,,,,
,Электрика,,Савва,диагностика абс  +  подгибание контаокв,800,,,,,,,,
,Продажа,,Виталик,лампы в птф + стоп,650,,,,,,,,
31.01.2026,Электрика,хавал джулион,Савва,техмойка,500,8500,,,,,,,
,Электрика,,Виталик,установка сиги,8000,,,,,,,,
31.01.2026,Электрика,дискавери,Савва,подключение птф,1500,3200,,,,,,,
,Продажа,,Виталик,расходники,1100,,,,,,,,
,Продажа,,Виталик,реле + колодка 2шт,600,,,,,,,,
02.02.2026,Электрика,транспортер,Виталик,ремонт электрики,3000,3000,,,,,,,
03.02.2026,Мойка,ауди,Богдан,3ф,1500,1500,,,,,,,
03.02.2026,Мойка,VW Taos,Богдан,2ф,1200,2200,савва + богдан,На расчетый счет,,,,,
,Мойка,,Богдан,влажка,500,,,,,,,,
,Мойка,,Богдан,пылесос,500,,,,,,,,
03.02.2026,Электрика,соренто,Савва,диагностика ,500,500,,,,,,,
03.02.2026,Мойка,мазда 3,Богдан,комплекс базовый,3000,3000,савва + богдан,,,,,,
03.02.2026,Электрика,ягуар,Виталик,чистка замка копота,1000,1000,,,,,,,
04.02.2026,Электрика,мерседес,Виталик,снтие маяка,2000,2000,,,,,,,
04.02.2026,Электрика,солярис,Виталик,ремонт камера заднего хода,800,800,,,,,,,
04.02.2026,Мойка,октавия,Богдан,3ф,1500,2500,,,,,,,
,Мойка,,Богдан,влажка,500,,,,,,,,
,Мойка,,Богдан,пылесос,500,,,,,,,,
04.02.2026,Электрика,х треил,Виталик,замена ламп ближнего,300,300,,,,,,,
04.02.2026,Мойка,бмв,Богдан,3ф,1500,1500,,,,,,,
04.02.2026,Мойка,2114,Богдан,комплекс базовый,3000,-----,,,,,,,
05.02.2026,Электрика,ховер,Виталик,ремонт разьема,500,500,,,,,,,
07.02.2026,Мойка,форд,Виталик,техмойка,300,3500,,,,,,,
,Электрика,,Виталик,ремонт дворнкиво,1200,,,,,,,,
,Электрика,,Савва,ремонт стеклоподьемников,2000,,",+1500",,,,,,
,Мойка,,Савва,озонатор,0,,,,,,,,
07.02.2026,Мойка,транспортер,Богдан,1ф,700,7700,,,,,,,
,Мойка,,Богдан,уборка,500,,,,,,,,
,Электрика,,Виталик,ремонт стрекозы,4000,,,,,,,,
,Электрика,,Виталик,ремонт парктроника,2500,,,,,,,,
08.02.2026,Электрика,ситроен,Виталик,ремонт плюса,600,600,,,,,,,
09.02.2026,Электрика,камри 70,Виталик,диагностика,300,300,,,,,,,
09.02.2026,Электрика,ларус,Виталик,диагностика + ремонт,4000,4000,,,,,,,
09.02.2026,Электрика,епика,Виталик,установка камеры,3000,5000,,,,,,,
,Электрика,,Виталик,подлкючение руля,1500,,,,,,,,
,Мойка,,Виталик,тех мойка,500,,,,,,,,
,Электрика,,Виталик,мелочи в процессе,0,,,,,,,,
09.02.2026,Мойка,ягуар,Богдан,техмойка,500,8500,,,,,,,
,Электрика,,Виталик,вскрыте копота,3000,,,,,,,,
,Электрика,,Виталик,замена тросика копота,3000,,,,,,,,
,Электрика,,Виталик,с\у бампера,2000,,,,,,,,
10.02.2026,Электрика,цивик,Виталик,замена клемы акб,1000,1000,,,,,,,
10.02.2026,Мойка,буханка,Богдан,техмойка,800,3200,,,,,,,
,Электрика,,Виталик,ремонт габаритов,500,,,,,,,,
,Электрика,,Виталик,диагностика сухого фена ,700,,,,,,,,
,Электрика,,Виталик,диагностика задней балки,500,,,,,,,,
,Электрика,,Виталик,работа с поворотником,700,,,,,,,,
10.02.2026,Мойка,финик,Богдан,2ф,1200,1200,,,,,,,
11.02.2026,Электрика,веста,Савва,установка птф,3000,4000,,,,,,,
,Электрика,,Савва,установака гудка,1000,,,,,,,,
11.02.2026,Мойка,марк,Богдан,техмойка,500,1500,,,,,,,
,Мойка,,Виталик,диагностика,1000,,,,,,,,
11.02.2026,Электрика,ситроен,Виталик,закрепить птф,2000,2000,,,,,,,
12.02.2026,Мойка,королла,Богдан,3ф,1500,900,,,,,,,
12.02.2026,Мойка,шевроле(витара),Богдан,техмойка,500,1700,,,,,,,
,Продажа,,Виталик,лампы,200,,,,,,,,
,Электрика,,Савва,замена ламп + обрыв,500,,,,,,,,
,Электрика,,Виталик,диагностика электрики,500,,,,,,,,
12.02.2026,Электрика,приора,Виталик,диагностика,1100,1100,,,,,,,
12.02.2026,Мойка,аурис,Богдан,техмойка,500,2000,,,,,,,
,Электрика,,Савва,диагнсотика подстаканников,1000,,,,,,,,
,,,Виталик,диагностика цз,500,,,,,,,,
13.02.2026,Мойка,ларгс,Виталик,техмойка,500,2700,,,,,,,
,Электрика,,Виталик,работа с сигнализацией,1500,,,,,,,,
,,,Виталик,чистка разьема туманок,500,,,,,,,,
,,,Виталик,закрепить локер,200,,,,,,,,
13.02.2026,Электрика,црв,Виталик,рзобратьсяя с камерой,2500,3500,,,,,,,
,Мойка,,Виталик,тех мойка,500,,,,,,,,
,Электрика,,Виталик,подлкбчить мультируль,500,,,,,,,,
13.02.2026,Мойка,гранд витара,Виталик,техмойка,300,3800,,,,,,,
,Электрика,,Виталик,диагностика автозапуска,500,,,,,,,,
,Электрика,,Виталик,прроверка косы возле акб,1500,,,,,,,,
,Электрика,,Виталик,проверка блока полного привода,1000,,,,,,,,
,Электрика,,Виталик,работа с ручками,500,,,,,,,,
15.02.2026,Мойка,сх5,Богдан,2ф,1200,1200,,,,,,,
15.02.2026,Мойка,опель,Богдан,2ф,800,5400,,,,,,,
,Мойка,,Савва,пылесос+влажка,1000,,,,,,,,
,Электрика,,Виталик,диагностика вентелтора,1000,,,,,,,,
,Продажа,,Виталик,бенз,500,,,,,,,,
,Электрика,,Виталик,пайка бочка ож,600,,,,,,,,
,Электрика,,Виталик,подключение вентелтоа через кноку,1500,,,,,,,,
15.02.2026,Мойка,рио4,Богдан,3ф,1500,2000,,,,,,,
,Мойка,,Богдан,влажка пылесос ,1000,,,,,,,,
15.02.2026,Мойка,дискавери,Богдан,2ф,1200,1200,,....+250 богдан,,,,,
16.02.2026,Мойка,сид,Савва,техмойка,500,3500,,,,,,,
,Электрика,,Виталик,установка регистратора + камера,3000,,савва помогал(25%),,,,,,
16.02.2026,Мойка,дастер,Савва,техмойка,500,2000,,,,,,,
,Мойка,,Савва,пылесос,500,,,,,,,,
,Мойка,,Савва,стекла,500,,,,,,,,
,Мойка,,Савва,влажка,500,,,,,,,,
17.02.2026,Электрика,2114,Виталик,дигностика ремонт,1700,1700,,,,,,,
"17,02,2026",Мойка,транспортер,Виталик,техмойка,500,2000,,,,,,,
,Электрика,,Савва,замена датчика + разьем,1500,,,,,,,,
17.02.2026,Мойка,аутлендер,Савва,техмойка,500,1500,,,,,,,
,Электрика,,Виталик,диагностика первичная,500,,,,,,,,
,Электрика,,Виталик,замена датчика + разьем,500,,,,,,,,
18.02.2026,Продажа,рио,Виталик,"расходники (гофра, провода, изолента, термоусадка, реле+разем, колодка под пред)",1200,6800,,,,,,,
,Электрика,,Виталик,установка птф,3000,,савва помогал,,,,,,
,Электрика,,Виталик,диагностика руля,500,,,,,,,,
,Электрика,,Савва,проводка гудка,1200,,,,,,,,
,Мойка,,Савва,техмойка,500,,,,,,,,
,Электрика,,Савва,с\у бампера,250,,,,,,,,
,Продажа,,Виталик,батарейки,150,,,,,,,,
18.02.2026,Мойка,ларгус,Богдан,2ф,1000,4000,,,,,,,
,Мойка,,Богдан,стекла,500,,,,,,,,
,Мойка,,Богдан,химка сидений (2шт),2500,,,,,,,,
,Мойка,,Богдан,озонатор,0,,,,,,,,
18.02.2026,Мойка,таос,Савва,3ф,1700,2700,,,,,,,
,Мойка,,Савва,влажка,500,,,,,,,,
,Мойка,,Савва,пылесос,500,,,,,,,,
19.02.2026,Мойка,ягуар,Виталик,3ф,1500,7300,,,,,,,
,Мойка,,Богдан,влажная уборка,500,,,,,,,,
,Мойка,,Богдан,пылесос,500,,,,,,,,
,Электрика,,Виталик,с\у приборной пранели,500,,,,,,,,
,Электрика,,Виталик,Перепайка приборной панели,4800,,,,,,,,
19.02.2026,Мойка,дастер,Богдан,техмойка,500,4300,,,,,,,
,Электрика,,Виталик,с\у бампера,1000,,ставил виталик,,,,,,
,Электрика,,Виталик,ремонт ручка клаксона,800,,,,,,,,
,Электрика,,Виталик,удаление краш даты,2000,,,,,,,,
,Электрика,,Виталик,дигностика дачтика воды в фильтре,0,,,,,,,,
21.02.2026,Электрика,MB GL,Виталик,замена замка багажника,1500,1500,,,,,,,
23.02.2026,Мойка,рх330,Виталик,техмойка,600,600,,,,,,,
,Электрика,,Виталик,люк стучит,0,,,,,,,,
23.02.2026,Мойка,w211,Виталик,техойка,500,6900,,,,,,,
,Электрика,,Виталик,с\у зад бампера,2000,,,,,,,,
,Электрика,,Виталик,дигностика парктроника,1000,,,,,,,,
,Электрика,,Виталик,ремонт парктроника,800,,,,,,,,
,Электрика,,Виталик,диагностика обогрева зданего стекла,1500,,,,,,,,
,Электрика,,Виталик,работа с гудком,800,,,,,,,,
,Электрика,,Виталик,чистка защелки ремня,300,,,,,,,,
23.02.2026,Электрика,дастер,Виталик,работа с поворотниками,0,0,,,,,,,
24.02.2026,Мойка,веста,Виталик,комплк базовый,2000,2000,,,,,,,
25.02.2026,Мойка,мазда 6,Савва,тех мойка,500,6500,,,,,,,
,Электрика,,Савва,работа с туманками и подкрылком,1000,,,,,,,,
,Электрика,,Савва,установа конутрной подсветки,4000,,,,,,,,
,Продажа,,Виталик,ремонт фары,1000,,,,,,,,
25.02.2026,Мойка,таун айс,Савва,3ф,2000,11925,,,,,,,
,Мойка,,Савва,чистка стекл,500,,,,,,,,
,Электрика,,Савва,дивгностика/ремонт клаксона,500,,,,,,,,
,Электрика,,Виталик,работа с задними фонорями,800,,,,,,,,
,Электрика,,Виталик,работа со светом в салоне,600,,,,,,,,
,Мойка,,Виталик,антидождь,3000,,,,,,,,
,Электрика,,Виталик,установка колонок,600,,,,,,,,
,Электрика,,Виталик,расходники,8425,,,,,,,,
26.02.2026,Мойка,фрилендер 2,Савва,техмойка,500,6500,,,,,,,
,Электрика,,Виталик,установка магнитолы,6000,,,,,,,,
27.02.2026,Электрика,лексус ,Виталик,эектрика,8000,8000,,,,,,,
02.03.2026,Мойка,опел,Савва,техмойка,500,5900,,,,,,,
,Электрика,,Савва,установка камеры заднего вида,1500,,,,,,,,
,Электрика,,Савва,установка и скрытое подключение зеркала ,1000,,,,,,,,
,Электрика,,Савва,борт комп,800,,,,,,,,
,Электрика,,Савва,туманки,800,,,,,,,,
,Электрика,,Савва,кнопка,600,,,,,,,,
,Электрика,,Савва,дмрв,200,,,,,,,,
,Электрика,,Савва,воздушые дефлекторы,500,,,,,,,,
02.03.2026,Электрика,форд,Виталик,моторчик,1500,1500,,,,,,,
03.03.2026,Мойка,Лансер 9,Савва,тех мойка ,500,3000,,,,,,,
,Электрика,,Виталик,электрика ,2500,,,,,,,,
03.03.2026,Мойка,королла,Савва,тех мойка,500,2500,,,,,,,
,Электрика,,Виталик,замена лампы стоп,300,,,,,,,,
,Электрика,,Савва,диагностика обогрева ,500,,,,,,,,
,Электрика,,Виталик,замена концевики копота,400,,,,,,,,
,Электрика,,Савва,диагностика абс,800,,,,,,,,
03.03.2026,Электрика,гранта,Виталик,диагностика,1300,1300,,,,,,,
04.03.2026,Электрика,круз,Виталик,диагностика,1500,1500,,,,,,,
04.03.2026,Электрика,гранта,Виталик,электрика ,3000,3000,,,,,,,
05.03.2026,Мойка,мазда 6 гг,Виталик,техмойка,500,3130,,,,,,,
,Электрика,,Виталик,ревизия контактной группы замка зажигания,800,,,,,,,,
,Электрика,,Виталик,чистка массы,400,,,,,,,,
,Электрика,,Виталик,"с\у бблока комфорта, чистка",800,,,,,,,,
,Электрика,,Виталик,пайка кик панели,300,,,,,,,,
,Электрика,,Виталик,лампа габарит,330,,,,,,,,
05.03.2026,Электрика,w166,Виталик,техиойка,800,5000,,,,,,,
,Электрика,,Савва,с/у баипер передний,1600,,,,,,,,
,Электрика,,Савва,"с\у, проверка заднйи SAM",3000,,,,,,,,
,Электрика,,Савва,проверка концентраторов CAN шины - 5шт,2500,,,,,,,,
06.03.2026,Электрика,лансер,Виталик,элнетрика,10500,12000,,,,,,,
,Электрика,,Савва,обогрев,1500,,,,,,,,
08.03.2026,Мойка,ягуар,Виталик,техмойка,600,42150,,,,,,,
,Электрика,,Виталик,дефлектор реонт,2000,,,,,,,,
,Электрика,,Савва,цз - диагностика ,2000,,,,,,,,
,Электрика,,Виталик,диагностика и ремонт платы поворотника,2200,,,,,,,,
,Продажа,,Виталик,сигнализация,20650,,,,,,,,
,Электрика,,Виталик,установка сигнализации,8000,,,,,,,,
,Электрика,,Виталик,обходчик,1000,,,,,,,,
,Электрика,,Виталик,с\у бампера,1800,,,,,,,,
,Электрика,,Виталик,с\у фары,500,,,,,,,,
,Электрика,,Виталик,разбор\сбор фары,3200,,,,,,,,
,Электрика,,Виталик,ремонт крепления фары,200,,,,,,,,
08.03.2026,Мойка,мазда сх5,Савва,мойка 2ф,1200,1200,,,,,,,
08.03.2026,Электрика,мазда 6,Савва,замена разьема,300,300,,,,,,,
,Мойка,,Савва,техмойка,300,,,,,,,,
09.03.2026,Электрика,гранта,Виталик,установка регистратора,1000,1000,,,,,,,
09.03.2026,Мойка,ягуар,Виталик,3ф+кварц,1000,4000,,,,,,,
,Мойка,,Виталик,антидождь,3000,,,,,,,,
10.03.2026,Мойка,ларгус,Виталик,техойка,500,11700,,,,,,,
,Электрика,,Виталик,ВВ провода,2000,,,,,,,,
,Электрика,,Виталик,катушка зажиигания,2000,,,,,,,,
,Электрика,,Виталик,проверка гбц,1000,,,,,,,,
,Электрика,,Виталик,замена катушки ,400,,,,,,,,
,Электрика,,Виталик,замена ВВ проводов,300,,,,,,,,
,Электрика,,Виталик,Диагностика,1500,,,,,,,,
,Электрика,,Виталик,датчик кислорода,3300,,,,,,,,
,Электрика,,Виталик,замена датчика ,700,,,,,,,,
10.03.2026,Электрика,экспресс,Виталик,ремонт проводки,3000,3000,,,,,,,
10.03.2026,Электрика,соболь,Виталик,диагностика стартера,600,600,,,,,,,
11.03.2026,Электрика,гранта,Виталик,техойка,500,6500,,,,,,,
,Электрика,,Савва,ремонт электрики,1200,,,,,,,,
,Электрика,,Виталик,диагностика,4800,,,,,,,,
11.03.2026,Мойка,королла,Богдан,коплекс базовый,3000,3000,,,,,,,
11.03.2026,Электрика,2106,Виталик,реонт электрики,1200,1200,,,,,,,
12.03.2026,Электрика,лексус,Савва,техойка,500,1000,,,,,,,
,Электрика,,Виталик,диагностика обогрева,500,,,,,,,,
12.03.2026,Электрика,ховер,Виталик,разьем 4 пин,500,9800,,,,,,,
,Электрика,,Виталик,изолетна термоусадка,1000,,,,,,,,
,Электрика,,Виталик,ремонт косы мотора,2000,,,,,,,,
,Электрика,,Виталик,коса генератор,800,,,,,,,,
,Электрика,,Виталик,мойка радиатора,500,,,,,,,,
,Электрика,,Савва,укладка проводов под капотом ,2000,,.+виталик,,,,,,
,Мойка,,Виталик,техмойка ,500,,,,,,,,
,Мойка,,Виталик,мойка подкапотного пространства,2500,,,,,,,,
12.03.2026,Мойка,гольф,Савва,теехммойка,500,8200,,,,,,,
,Электрика,,Савва,ремонт разъема концевика копота,400,,,,,,,,
,Электрика,,Савва,чистка силовых клемм(предохранителей),800,,,,,,,,
,Электрика,,Виталик,диагностика генератора,500,,,,,,,,
,Электрика,,Савва,ремонт проводки задней двери,3000,,,,,,,,
,Электрика,,Виталик,диагностика + частичный ремонт сигнализации,1000,,,,,,,,
,Электрика,,Виталик,общая электрронна диагностика,2000,,,,,,,,
12.03.2026,Электрика,мазда сх6,Савва,диагнстика абс,800,800,,,,,,,
12.03.2026,Мойка,фокус 2,Савва,техмойка,500,800,,,,,,,
,Электрика,,Савва,замена разьема датчика давлени масла,300,,,,,,,,
17.03.26,Мойка,кадилак,Савва,тех мойка ,500,4000,,,,,,,
,Электрика,,Виталик,диагностика форсцнки,1000,,,,,,,,
,Электрика,,Савва,диагностика двери,2500,,,,,,,,
17.03.2026,Электрика,шкода,Савва,установка камеры ,3000,2500,.+виталик,,,,,,
,Электрика,,Виталик,установка магнитолы ,1500,,,,,,,,
,Мойка,,Савва,техмойка,500,,,,,,,,
,Электрика,,Виталик,замена подсветки номера ,600,,,,,,,,
,Электрика,,Виталик,замена повторителей в зеркале,2000,,,,,,,,
17.03.2026,Мойка,jaeco j7,Савва,3ф+кварц,2200,3600,,,,,,,
,Мойка,,Савва,пылесос,500,,,,,,,,
,Мойка,,Савва,влажная уборка ,500,,,,,,,,
,Мойка,,Савва,чистка стекл,500,,,,,,,,
,Мойка,,Савва,багажник ,500,,,,,,,,
,Мойка,,Савва,полироль пластика,500,,,,,,,,
,Мойка,,Савва,кондиционер кожи,500,,,,,,,,
20.03.2026,Электрика,жига,Савва,ремонт обрыва в двери (3 провода),1200,2500,,,,,,,
,Электрика,,Савва,ремонт провода стеклоочистителя ,800,,,,,,,,
,Мойка,,Савва,техмойка,500,,,,,5250,,,
26.03.2026,Электрика,опель,Савва,электрика(не заводится),5000,5000,,,,,,,
26.03.2026,Электрика,авео,Виталик,диагностика ремонт  ошибок двигателя,5200,,,,,,,,
,Электрика,,Виталик,работа с ошибкой по подушке,,,,,,,,,
,Мойка,,Виталик,техмойка,,,,,,,,,
26.03.2026,Продажа,трафик,Виталик,разьем дроселя,500,3600,,,,,,,
,Электрика,,Виталик,замена разЬема,800,,,,,,,,
,Электрика,,Савва,"проворка проводов от эбу до дроселя, проверка разьмов эбу",2000,,,,,,,,
,Электрика,,Виталик,проверка педали газа,300,,,,,,,,
26.03.2026,Электрика,ягуар,Виталик,техмойка,500,4500,аванс 2850,,,,,,
,Электрика,,Виталик,замена моторчика замка двери водителя,3500,,,,,,,,
,Электрика,,Савва,с\у бампера,1500,,,,,,,,
,Электрика,,Виталик,пайка бампера,1350,,,,,4250,/+2500, за GL500,.=1750
29.03.2026,Мойка,рио 2,Богдан,техмойка,500,4500,,,,,,,
,Электрика,,Савва,прозовнка провода овердрайва,2000,,,,,,,,
,Электрика,,Виталик,Диагностика,1500,,,,,,,,
,Электрика,,Виталик,замена датчика,500,,,,,,,,
29.03.2026,Мойка,сузуки витара,Богдан,техмойка ,500,1000,,,,,,,
,Электрика,,Виталик,дисагностика ремонт,500,,,,,,,,
29.03.2026,Мойка,банан,Богдан,2ф,1000,1000,,,,,,,
29.03.2026,Мойка,лансер 9,Богдан,техмойка,500,,юлин лансер,,,,,,
30.03.2026,Мойка,бусик,Богдан,техмойка,500,1800,,,,,,,
,Электрика,,Савва,протяжка проводов,1000,,,,,,,,
,Продажа,,Виталик,расходники,300,,,,,,,,
30.03.2026,Мойка,церато,Богдан,компелкс базовый,3000,4000,,,,,,,
,Продажа,,Виталик,фильтр салонный,600,,,,,,,,
,Продажа,,Виталик,вонючка,400,,,,,,,,
30.03.2026,Мойка,гоьф 5,Богдан,техиойка,500,800,,,,,,,
,Электрика,,Виталик,установка кнопки,300,,,,,,,,
31.03.2026,Мойка,авенсис,Богдан,салон,1000,1350,,,,,,,
,Мойка,,Богдан,вонючка,350,,,,,,,,
31.03.2026,Электрика,прадо,Виталик,шлейф,2000,4000,,,,,,,
,Электрика,,Виталик,замена шлейфа,1500,,,,,,,,
,Электрика,,Виталик,диагностика,500,,,,,,,,
31.03.2026,Продажа,веста,Виталик,камера,3000,5000,,,,,,,
,Электрика,,Савва,установка камеры,1500,,,,,,,,
,Мойка,,Савва,тех мойка,500,,,,,,,,
31.03.2026,Мойка,веста,Богдан,техмойка,500,500,,,,,,,
31.03.2026,Мойка,дастер,Савва,техмойка,500,6800,,,,,,,
,Электрика,,Савва,установк птф,3000,,,,,,,,
,Продажа,,Виталик,расходники,1500,,,,,,,,
,Электрика,,Савва,установка камеры,1800,,,,,,,,
31.03.2026,Электрика,ларгус,Виталик,замена батарейки,300,300,,,,,,,
01.04.2026,Мойка,скайлайн,Богдан,техмойка,500,6105,занес 5000,,,,,,
,Электрика,,Виталик,клеммы,800,,,,,,,,
,Электрика,,Виталик,расходники,1505,,,,,,,,
,Электрика,,Виталик,дубляж,2000,,,,,,,,
,Электрика,,Виталик,разминусовка,800,,,,,,,,
,Электрика,,Виталик,укладка проводов ,500,,,,,,,,
01.04.2026,Мойка,джак,Виталик,техмойка,700,1200,,,,,,,
,Электрика,,Виталик,ремонт фендеров,500,,,,,,,,
02.04.2026,Мойка,сид,Виталик,техмойка,500,5100,,,,,,,
,Электрика,,Виталик,установка магнитолы,1500,,,,,,,,
,Электрика,,Виталик,сращивание фишки магнитолы,800,,,,,,,,
,Электрика,,Виталик,установка камеры заднего вида,2000,,,,,,,,
,Электрика,,Виталик,расходники,300,,,,,,,,
02.04.2026,Электрика,калина,Виталик,замена замка зажигания,1200,1200,,,,,,,
03.04.2026,Мойка,скайлайн,Богдан,чистка ковриков,1200,1200,,,,,,,
03.04.2026,Электрика,нива,Виталик,установка обманки на стоп сигнал,1000,2900,,,,,,,
,Электрика,,Виталик,перепиновка фар,800,,,,,,,,
,Электрика,,Виталик,замена реле поворотов,1100,,,,,,,,
06.04.2026,Мойка,орландо,Богдан,чистка ковра от молока,15000,16500,вместе с саввой,Богдан оплатил,,,,,
,Мойка,,Виталик,химия,1500,,,,,,,,
08.04.2026,Электрика,оутлендер,Виталик,разъем дт,450,5150,,,,,,,
,Электрика,,Виталик,замена разъема дт,500,,,,,,,,
,Электрика,,Виталик,разъем датчика давления и vvti,600,,,,,,,,
,Электрика,,Виталик,замена разъема vvti,300,,,,,,,,
,Электрика,,Виталик,замена разъема давления + ремонт датчика,1000,,,,,,,,
,Электрика,,Виталик,диагностика,1000,,,,,,,,
,Электрика,,Виталик,тех мойка ,300,,,,,,,,
,Электрика,,Виталик,диагностика,1000,,,,,,,,
09.04.2026,Электрика,нива,Савва,подключение птф,3000,86250,,,,,,,
,Мойка,,Виталик,техмойка,500,,,,,,,,
,Электрика,,Виталик,комплект подключён птф,1500,,,,,,,,
,Электрика,,Виталик,переключатель с птф,4500,,,,,,,,
,Электрика,,Савва,установка диодов на зад фонари,800,,,,,,,,
,Электрика,,Виталик,замена реле ,300,,,,,,,,
,Электрика,,Савва,подключение передних фар,1500,,,,,,,,
,Электрика,,Савва,герметизаци фар,300,,,,,,,,
,Электрика,,Виталик,сигнализация + модуль запуска,19350,,,,,,,,
,Электрика,,Виталик,установка приводов центрального замка(весте с приводами),2000,,,,,,,,
,Электрика,,Виталик,установка рулевой колонки ,6000,,,,,,,,
,Электрика,,Виталик,подключение мультируля,1250,,,,,,,,
,Электрика,,Виталик,установка кнопки стартстоп,3000,,,,,,,,
,Электрика,,Виталик,установка сигнализации ,8000,,,,,,,,
,Электрика,,Виталик,"расходники по музыке(провода, оплетка, наконечники)",6800,,,,,,,,
,Электрика,,Виталик,"рца кабели, предохранитель, дитрибьютер",5200,,,,,,,,
,Электрика,,Виталик,"болты, крепеж, шумка, карпет",2700,,,,,,,,
,Электрика,,Виталик,установка привода багажника,2250,,,,,,,,
,Электрика,,Виталик,"установка аудиосистемы, собрка щита под усилитель",10000,,,,,,,,
,Электрика,,Виталик,"установка магнитолы, замена централно консоли",2500,,,,,,,,
,,,Виталик,регулировка фар ,2100,,,,,,,,
,,,Виталик,подиумы пищалки,2700,,,,,,,,
10.04.2026,Электрика,гольф,Савва,чистка потенциометров заслонок климата ,4000,4000,савва 25% переделывал,,,,,,
10.04.2026,Электрика,фордфокус,Виталик,дубляж на минус,1200,4200,,,,,,,
,Электрика,,Виталик,чистка массы(4 шт),500,,,,,,,,
,Электрика,,Виталик,вскрытие и чистка блока предохранителей ,2000,,,,,,,,
,Мойка,,Виталик,тех мойка,500,,,,,,,,
10.04.2026,Мойка,лексус,Виталик,техмойка,600,8300,предоплата 10000,,,,,,
,Электрика,,Виталик,с\у бампера,1500,,,,,,,,
,Электрика,,Виталик,заена фар,1000,,,,,,,,
,Электрика,,Виталик,подключение регистратора,1200,,,,,,,,
,Электрика,,олег,с\у задних фонарей,4000,,,,,,,,
11.04.2026,Мойка,атлас,Савва,3ф,1700,1700,,,,,,,
12.04.2026,Мойка,fx50,Савва,2ф+ влажка,1700,1700,,,,,,,
12.04.2026,Мойка,эвакуатор,Савва,мойка+ электрика,2500,2500,саввае 1000,,,,,,
13.04.2026,Электрика,круз,Виталик,диагностика и с/у стартера,3000,6500,,,,,,,
,Электрика,,Виталик,обслуживание стартера,2000,,,,,,,,
13.04.2026,Мойка,ягуар,Савва,2ф,1000,1000,,,,,,,
13.04.2026,Мойка,гранд витара,Савва,тех мойка.,600,6600,,,,,,,
,Электрика,,Виталик,установка и подключение задних ручек,3000,,,,,,,,
,Электрика,,Савва,установка практроника,3000,,олегу 500,,,,,,
13.04.2026,Мойка,тойта не альфард,Савва,2ф ,1200,1500,,,,,,,
13.04.2026,Продажа,гранта,Виталик,облицовки,650,10740,аванс 10000,,,,,,
,Электрика,,Савва,работа с цз,1800,,,,,,,,
,Электрика,,Савва,с/у бампера ,1500,,,,,,,,
,Электрика,,Савва,мойка радиатора,800,,,,,,,,
,Электрика,,Савва,работа с проводкой ,2000,,,,,,,,
,Продажа,,Виталик,лампы,650,,,,,,,,
,,,Виталик,слесарные работы(заказ наряд),3340,,,,,,,,
14.04.2026,Мойка,омода ,Савва,техмойка,500,1500,,,,,,,
,Мойка,,Виталик,установка регистатора ,1000,,,,,,,,
14.04.2026,Мойка,цра,Савва,техмойка ,500,500,,,,,,,
17.04.2026,Мойка,субару,Богдан,техмойка,500,300,,,,,,,
17.04.2026,Мойка,таос,Богдан,3ф+влаж+пылесос,2700,---,,,,,,,
17.04.2026,Мойка,туксон,Богдан,3ф,1500,1500,,,,,,,
17.04.2026,Мойка,митсуьиси,Богдан,2ф,1000,1000,,,,,,,
17.04.2026,Мойка,гольф,Богдан,2ф,800,400,,,,,,,
17.04.2026,Электрика,кулрей,Виталик,установка электорпривода баажника,7000,10300,,,,,,,
,Электрика,,Виталик,установка омывателя задней камеры,1500,,,,,,,,
,Электрика,,Виталик,подключение регистратора,1000,,,,,,,,
,Электрика,,олег,установка газовых упоров,800,,,,,,,,
17.04.2026,Мойка,банан,Богдан,2ф,1000,1000,,,,,,,
17.04.2026,Мойка,окаивия,Богдан,техмойка,500,5500,,,,,,,
,Электрика,,Савва,контурная подсветка,5000,,,,,,,,
17.04.2026,Электрика,скай,Савва,2ф,1000,800,,,,,,,
19.04.2026,Мойка,аутлендер,Савва,техмойка,500,1500,,,,,,,
,Электрика,,Савва,замена ингибитора + разьем ингибитра,1000,,,,,,,,
19.04.2026,Мойка,jaecoo j7,Савва,техмойка,500,1500,,,,,,,
,Электрика,,Савва,установка регистратора,1000,,,,,,,,
23.04.2026,Мойка,поло,Савва,углубленная уборка,8000,8000,,,,,,,
23.04.2026,Электрика,гранта,олег,установка упоров капота,800,7470,,,,,,,
,Электрика,,,замена фонаря ,500,,,,,,,,
,Электрика,,,установка гудка,1300,,,,,,,,
,Электрика,,,замена свечей,400,,,,,,,,
,Электрика,,Виталик,диагностика стеклоочистителя ,500,,,,,,,,
,Электрика,,,реле стеклоочистителя ,700,,,,,,,,
,Электрика,,,концевик двери водителя ,170,,,,,,,,
,Электрика,,Виталик,работа с багажником,1500,,,,,,,,
,Электрика,,Савва,работа с ручками дверей,1600,,,,,,,,
23.04.2026,Электрика,ягуар,Виталик,с/у бампера ,1500,4500,,,,,,,
,Электрика,,,пайка бампера,2000,,,,,,,,
,Мойка,,,мойка авто,1000,,,,,,,,
26.04.2026,Мойка,гранта,Виталик,тех мойка,500,3500,,,,,,,
,Электрика,,Виталик,установка мафана+камера,3000,,,,,,,,
27.04.2026,Электрика,лансер 9,Виталик,кнопка старт стоп,3000,3500,,,,,,,
,Мойка,,Виталик,тех мойка,500,,,,,,,,
28.04.2026,Электрика,лансер 9,Виталик,установка резистров,500,500,,,,,,,
29.04.2026,Электрика,гольф,Виталик,диагностика,500,500,,,,,,,
29.04.2026,Электрика,хонда црв,Виталик,установка подогрева зеркал,4000,4000,,,,,,,
29.04.2026,Мойка,кио рио,Савва,мойка кпп,500,500,,,,,,,
29.04.2026,Электрика,вольва,Савва,контурная подсветка,6000,6500,,,,,,,
29.04.2026,Мойка,,Савва,тех мойка,500,,,,,,,,
29.04.2026,Мойка,мерс,Савва,тех мойка,500,500,,,,,,,
04.05.2026,Электрика,опель,Виталик,электрика(не заводится),6000,6000,,,,,,,
04.05.2026,Электрика,авео,Савва,диагностика,500,2500,,,,,,,
,Электрика,,Савва,диагностика абс,500,,,,,,,,
,Электрика,,Виталик,ремонт дистанционнго управления,1500,,,,,,,,
"04,05,2026",Мойка,бусик,Савва,мойка 1+3,800,800,,,,,,,
"04,05,2026",Электрика,танет,Савва,установка регистратора,1000,1000,,,,,,,
04.05.2026,Электрика,вингорд,Виталик,диагностика,500,500,,,,,,,
03.05.2026,Электрика,вольво,Савва,установка водогенератора,8000,10500,25%,,,,,,
,Электрика,,Виталик,расходники,2000,,,,,,,,
,Мойка,,Виталик,техмойка,500,,,------,савва 10750,скинул 5000,,,
07.05.26,Мойка,лансер 9,Савва,2ф + влажная уборка,1000,1000,,,,,,,
07.05.26,Мойка,митубиси спейстар,Савва, 2ф,1000,1500,,,,,,,
,Мойка,,Савва,влажная уборка + полисос,500,,,,,,,,
07.05.26,Электрика,опель кирюша,Савва,регистратор,1000,1000,,,,,,,
11.05.26,Электрика,ягуар,Савва,паркроник дренаж диагностика,3500,3500,,,,,,,
11.05.26,Электрика,марк,Виталик,подключени заслонки выхлоп,3500,3500,,,,,,,
12.05.26,Мойка,сузуки,Савва,химчистка,12000,12000,9000скинул,,,,,,
,Электрика,,Виталик,диагностика,500,,,,,,,,
12.05.26,Мойка,пафик,Виталик,пайка концентраторов,5000,6000,,,,,,,
,Мойка,,Виталик,техмойка,500,,,,,,,,
,Мойка,,Савва,влажка пылесос,500,,савве это,,,,,,
13.05.26,Электрика,логан,Савва,регистратор,1000,1000,,,,,,,
13.05.26,Электрика,гранта,Савва,камера,1500,1500,,,,,,,
13.05.26,Электрика,2110,Виталик,ремонт проводки,2100,2100,,,,,,,
13.05.26,Электрика,естима,Виталик,замена камеры,1000,1000,,,,,,,
14.05.26,Мойка,кио рио,Савва,мойка радиатора,5000,5000,,,,,,,
15.05.26,Электрика,гранта,Савва,установка регестратора,1000,1000,,,,,,,
15.05.26,Мойка,субару,Савва,3ф + салон,2000,2000,,,,,,,
15.05.26,Мойка,марк 2 золотой,Савва,3ф + салон,2000,2000,,,,,,,
15.05.26,Мойка,копейка,Савва,3ф,800,800,савва 5 к аванс,,,,,,
15.05.26,Мойка,марк 2 белый ,Савва,3ф,1500,11600,,,,,,,
,Электрика,,Савва,установка зеркал,1000,,,,,,,,
,Электрика,,Савва,установка тюнинга под капотом,800,,,,,,,,
,Электрика,,Виталик,перегонка,1000,,,,,,,,
,,,Виталик,установка rev limit,3500,,,,,,,,
,,,Савва,установкаремней,3800,,савва 800,,,,,,
18.05.26,Электрика,солярис,Виталик,ремонт электрики,3000,3000,,,,,,,
18.05.26,Электрика,ауис,Савва,замена задних замков,1600,2100,,,,,,,
,Электрика,,Савва,закрепить бампера,500,,,,,,,,
18.05.26,Электрика,гранта,Савва,ремонт птф,1500,1500,,,,,,,
18.05.26,Электрика,танк 300,Виталик,установка регестратора,1500,1500,,,,,,,
18.05.26,Мойка,ягуар,Богдан,3ф,1500,3000,,,,,,,
,Мойка,,Богдан,салон,1500,,,,,,,,
18.05.26,Электрика,лачети,Виталик,установка сигнализации ,8000,25 500,,,,,,,
,Электрика,,Виталик,ремнот электрики,3000,,,,,,,,
,Электрика,,Виталик,обходчик ,1000,,,,,,,,
,Электрика,,Виталик,сигнализация ,13 500,,савва 5 к аванс,,,,,,
19.05.2026,Мойка,финик,Савва,2ф,1200,1200,,,,,,,
19.05.2026,Мойка,спейсстар,Савва,2ф,1000,1000,,"савва зп ---20450, с учётом всего 16200",,,,,
21.05.2026,Электрика,Вольво ,Савва,регистратор ,1000,1500,,,скинул 10000,,,,
,Электрика,,Виталик,дымогенератор,500,,,,,,,,
20.05.2026,Электрика,грант витара,Савва,3ф,3000,3000,,,,,,,
,Мойка,,Савва,анидождь,,,,,,,,,
20.05.2026,Мойка,рио,Савва,техмойка,500,500,,,,,,,
20.05.2026,Электрика,рено,Савва,ремонт птф,600,1300,,,,,,,
,Электрика,,Савва,замена ламп ,700,,,,,,,,
22.05.2026,Электрика,Хонда црв,Савва,ремонт электрики ,4500,4500,расходники 300,,,,,,
25.05.2026,Электрика,газель,Савва,установка камеры,3000,9300,,,,,,,
,Электрика,,Виталик,установка магнитолы,2000,,,,,,,,
,Электрика,,Виталик,установка стеклоподемников,4000,,,,,,,,
,Электрика,,Виталик,расходники,300,,,,,,,,
26.05.2026,Электрика,карнивал,Виталик,с/у бампера,2000,4000,вместен с саввой,,,,,,
,Электрика,,Виталик,с/у фонарей,400,,,,,,,,
,Электрика,,Савва,замена зптф,600,,,,,,,,
,Электрика,,Виталик,диагностика,1000,,,,,,,,
26.05.2026,Электрика,Джетта ,Виталик,ремонт аукс,500,1200,,,,,,,
,Электрика,,Савва,диагностик дверь ,700,,,,,,,,
26.05.2026,Электрика,спорткдж,Богдан,полировка,10000,14000,,,,,,,
,Электрика,,Виталик,керамика,2500,,,,,,,,
,Электрика,,Виталик,краска,500,,,,,,,,
,Электрика,,Виталик,бронь зон ручек,1000,,,,,,,,
27.05.2026,Электрика,гранта,Савва,установка птф,3000,4500,,савва 8800 ,,,,,
,Электрика,,Виталик,комплект подключения птф,1500,,,,,,,,
28.05.2026,Электрика,бмв х5,Виталик,ремонт стартера,11000,19500,,,,,,,
,Электрика,,Виталик,резинки на коллектор,2500,,,,,,,,
,Электрика,,Виталик,диагнростика с\у стартера,6000,,,,,,,,